{
  "type": "service_account",
  "project_id": "your-project-id",
  "private_key_id": "someprivatekeyid1234567890abcdef",
  "private_key": "-----BEGIN PRIVATE KEY-----\nMIIEvgIBADANBgkqhkiG9w0BAQEFAASCBK...\n-----END PRIVATE KEY-----\n",
  "client_email": "your-service-account@your-project-id.iam.gserviceaccount.com",
  "client_id": "123456789012345678901",
  "auth_uri": "https://accounts.google.com/o/oauth2/auth",
  "token_uri": "https://oauth2.googleapis.com/token",
  "auth_provider_x509_cert_url": "https://www.googleapis.com/oauth2/v1/certs",
  "client_x509_cert_url": "https://www.googleapis.com/robot/v1/metadata/x509/your-service-account%40your-project-id.iam.gserviceaccount.com",
  "universe_domain": "googleapis.com"
}
